"ID";"Bezeichner";"Footprint";"St√ºckzahl";"Bezeichnung";"Anbieter und Referenz";
1;"R53,R58,R73,R56,R55,R71,R57,R69,R54,R68,R72,R76,R49,R51,R74,R46,R75,R70,R44,R47,R63,R40,R45,R50,R52,R60,R66,R65,R62,R38,R64,R61,R67,R41,R59,R42";"R_1206_3216Metric_Pad1.30x1.75mm_HandSolder";36;"R";;;
2;"C14,C33,C13,C12,C32,C31";"C_1206_3216Metric_Pad1.33x1.80mm_HandSolder";6;"100 n";;;
3;"J17";"PhoenixContact_MC_1,5_3-G-3.81_1x03_P3.81mm_Horizontal";1;"Limit-Switch y2";;;
4;"Q4,Q3,Q6,Q2,Q5,Q7";"SOT-23";6;"Q_NMOS_GDS";;;
5;"J2";"PhoenixContact_MC_1,5_6-G-3.81_1x06_P3.81mm_Horizontal";1;"Motordriver X";;;
6;"J19";"PhoenixContact_MC_1,5_5-G-3.5_1x05_P3.50mm_Horizontal";1;"Terminal_Encoder";;;
7;"J5";"PhoenixContact_MC_1,5_2-G-3.81_1x02_P3.81mm_Horizontal";1;"Terminal_12V";;;
8;"D5,D2,D3,D1";"LED_0603_1608Metric_Pad1.05x0.95mm_HandSolder";4;"blue";;;
9;"C25,C19,C20,C26,C21,C27,C17,C24,C23,C15,C18,C22";"C_1206_3216Metric_Pad1.33x1.80mm_HandSolder";12;"C";;;
10;"R14,R15,R30,R23,R31,R22";"R_1206_3216Metric_Pad1.30x1.75mm_HandSolder";6;"1k";;;
11;"J18";"PhoenixContact_MC_1,5_8-G-3.81_1x08_P3.81mm_Horizontal";1;"Terminal Buttons";;;
12;"C10,C5,C11";"C_1206_3216Metric_Pad1.33x1.80mm_HandSolder";3;"100n";;;
13;"J3";"PhoenixContact_MC_1,5_12-G-3.81_1x12_P3.81mm_Horizontal";1;"Erstaz_Terminal";;;
14;"R26,R35,R27,R18,R19,R34";"R_1206_3216Metric_Pad1.30x1.75mm_HandSolder";6;"470 k";;;
15;"K3";"Relay_PR22";1;"PR22";;;
16;"D30,D14,D13,D24,D18,D17,D23,D9,D31,D10,D25,D29,D22,D6,D27,D21,D26,D19,D28";"D_SMA_Handsoldering";19;"5,1V";;;
17;"J16";"PhoenixContact_MC_1,5_3-G-3.81_1x03_P3.81mm_Horizontal";1;"Limit-Switch x2";;;
18;"J10";"PhoenixContact_MC_1,5_2-G-3.81_1x02_P3.81mm_Horizontal";1;"EmergencyStop";;;
19;"C36,C34,C35,C6";"C_1206_3216Metric_Pad1.33x1.80mm_HandSolder";4;"10n";;;
20;"J9";"PhoenixContact_MC_1,5_6-G-3.81_1x06_P3.81mm_Horizontal";1;"Motordriver Z";;;
21;"R21,R28,R20,R29,R36,R37";"R_1206_3216Metric_Pad1.30x1.75mm_HandSolder";6;"50k";;;
22;"U3,U4,U5";"SOIC-8_3.9x4.9mm_P1.27mm";3;"ACS715xLCTR-20A";;;
23;"R25,R24,R16,R17";"R_1206_3216Metric_Pad1.30x1.75mm_HandSolder";4;"150";;;
24;"J11";"PhoenixContact_MC_1,5_2-G-3.81_1x02_P3.81mm_Horizontal";1;"Terminal Power";;;
25;"C4,C3,C1,C2";"CP_Elec_8x6.2";4;"100u";;;
26;"D8,D7";"LED_0603_1608Metric_Pad1.05x0.95mm_HandSolder";2;"yellow";;;
27;"R11,R10,R8,R12,R9,R13";"R_1206_3216Metric_Pad1.30x1.75mm_HandSolder";6;"10k";;;
28;"J13";"PhoenixContact_MC_1,5_3-G-3.81_1x03_P3.81mm_Horizontal";1;"Limit-Switch x1";;;
29;"D11,D12";"LED_0603_1608Metric_Pad1.05x0.95mm_HandSolder";2;"red";;;
30;"J7";"PhoenixContact_MC_1,5_6-G-3.81_1x06_P3.81mm_Horizontal";1;"Motordriver Y";;;
31;"C8,C7";"C_1206_3216Metric_Pad1.33x1.80mm_HandSolder";2;"22u";;;
32;"J4";"PhoenixContact_MC_1,5_8-G-3.81_1x08_P3.81mm_Horizontal";1;"Terminal_GND";;;
33;"C9";"C_1206_3216Metric_Pad1.33x1.80mm_HandSolder";1;"10u";;;
34;"J14";"PhoenixContact_MC_1,5_3-G-3.81_1x03_P3.81mm_Horizontal";1;"Limit-Switch y1";;;
35;"K1";"Relay_SPST_Schrack-RT1-16A-FormA_RM5mm";1;"PR22-12V-400-1A";;;
36;"J12";"PhoenixContact_MC_1,5_3-G-3.81_1x03_P3.81mm_Horizontal";1;"Limit-Switch z1";;;
37;"J15";"PhoenixContact_MC_1,5_3-G-3.81_1x03_P3.81mm_Horizontal";1;"Limit-Switch z2";;;
38;"U1";"P7812";1;"P7812";;;
39;"D16,D15";"LED_0603_1608Metric_Pad1.05x0.95mm_HandSolder";2;"green";;;
40;"J1";"PhoenixContact_MC_1,5_4-G-3.81_1x04_P3.81mm_Horizontal";1;"Terminal_Display";;;
41;"U2";"P7812";1;"V7805";;;
42;"R33,R3,R32";"R_1206_3216Metric_Pad1.30x1.75mm_HandSolder";3;"100";;;
43;"R1,R5";"R_1206_3216Metric_Pad1.30x1.75mm_HandSolder";2;"1,8k";;;
44;"R2";"R_1206_3216Metric_Pad1.30x1.75mm_HandSolder";1;"500";;;
45;"J6";"PhoenixContact_MC_1,5_6-G-3.81_1x06_P3.81mm_Horizontal";1;"Terminal_5V";;;
46;"J8";"PhoenixContact_MC_1,5_2-G-3.81_1x02_P3.81mm_Horizontal";1;"Terminal Power BU";;;
47;"D4";"D_1206_3216Metric_Pad1.42x1.75mm_HandSolder";1;"D";;;
48;"R4";"R_1206_3216Metric_Pad1.30x1.75mm_HandSolder";1;"470k";;;
49;"Q1";"SOT-23";1;"Q_NMOS_GSD";;;
50;"R7";"R_1206_3216Metric_Pad1.30x1.75mm_HandSolder";1;"10 k";;;
51;"Ard1";"Arduino-Mega";1;"Arduino_Mega";;;
52;"R6";"R_1206_3216Metric_Pad1.30x1.75mm_HandSolder";1;"82 k";;;
